callsid,call_date,call_duration_sec,asr_errors,incorrect_responses,repetition_by_bot,interruption_handling_error,hallucination_error,risk_score_v2,risk_category
CALL_0003634,2025-11-11,220,1,4,0,0,0,19,High
CALL_0009586,2025-11-12,110,0,3,1,0,0,14,Medium
CALL_0007137,2025-11-13,18,0,3,0,0,0,12,Medium
CALL_0007823,2025-11-28,225,0,3,0,0,0,12,Medium
CALL_0008487,2025-11-16,192,0,3,0,0,0,12,Medium
CALL_0007930,2025-11-25,249,4,0,0,0,0,12,Medium
CALL_0009185,2025-11-27,26,0,3,0,0,0,12,Medium
CALL_0009691,2025-11-15,129,0,3,0,0,0,12,Medium
CALL_0009557,2025-11-10,30,0,3,0,0,0,12,Medium
CALL_0009873,2025-11-26,23,0,3,0,0,0,12,Medium
CALL_0001233,2025-11-09,76,2,0,3,0,0,12,Medium
CALL_0000556,2025-11-01,25,0,3,0,0,0,12,Medium
CALL_0001237,2025-11-12,17,0,3,0,0,0,12,Medium
CALL_0001575,2025-11-18,193,0,3,0,0,0,12,Medium
CALL_0001441,2025-11-25,17,0,3,0,0,0,12,Medium
CALL_0002697,2025-11-18,221,0,3,0,0,0,12,Medium
CALL_0002513,2025-11-12,81,0,3,0,0,0,12,Medium
CALL_0002750,2025-11-22,122,0,3,0,0,0,12,Medium
CALL_0002908,2025-11-05,120,0,3,0,0,0,12,Medium
CALL_0005438,2025-11-15,205,0,3,0,0,0,12,Medium
CALL_0004516,2025-11-11,152,0,3,0,0,0,12,Medium
CALL_0006961,2025-11-08,26,0,3,0,0,0,12,Medium
CALL_0006923,2025-11-30,7,4,0,0,0,0,12,Medium
CALL_0006669,2025-11-24,26,1,2,0,0,0,11,Medium
CALL_0006772,2025-11-07,247,1,2,0,0,0,11,Medium
CALL_0007983,2025-11-18,178,1,2,0,0,0,11,Medium
CALL_0009154,2025-11-14,72,1,2,0,0,0,11,Medium
CALL_0001761,2025-11-12,125,1,2,0,0,0,11,Medium
CALL_0002502,2025-11-15,173,2,1,0,0,0,10,Medium
CALL_0005262,2025-11-11,152,0,0,0,0,2,10,Medium
CALL_0006153,2025-11-13,104,0,0,0,0,2,10,Medium
CALL_0006202,2025-11-15,14,0,0,0,0,2,10,Medium
CALL_0007458,2025-11-13,85,0,0,5,0,0,10,Medium
CALL_0008035,2025-11-10,20,0,2,1,0,0,10,Medium
CALL_0007391,2025-11-29,172,0,0,0,0,2,10,Medium
CALL_0007868,2025-11-28,12,0,0,0,0,2,10,Medium
CALL_0008072,2025-11-17,100,0,0,5,0,0,10,Medium
CALL_0007135,2025-11-10,109,3,0,0,0,0,9,Medium
CALL_0008834,2025-11-16,111,3,0,0,0,0,9,Medium
CALL_0008787,2025-11-17,9,3,0,0,0,0,9,Medium
CALL_0009875,2025-11-18,16,3,0,0,0,0,9,Medium
CALL_0001108,2025-11-22,21,0,2,0,1,0,9,Medium
CALL_0000740,2025-11-06,29,3,0,0,0,0,9,Medium
CALL_0001930,2025-11-25,8,3,0,0,0,0,9,Medium
CALL_0003053,2025-11-05,19,3,0,0,0,0,9,Medium
CALL_0002988,2025-11-23,30,3,0,0,0,0,9,Medium
CALL_0003797,2025-11-28,17,3,0,0,0,0,9,Medium
CALL_0005264,2025-11-29,266,3,0,0,0,0,9,Medium
CALL_0005616,2025-11-07,8,3,0,0,0,0,9,Medium
CALL_0005808,2025-11-30,117,3,0,0,0,0,9,Medium
CALL_0006830,2025-11-05,92,3,0,0,0,0,9,Medium
CALL_0006832,2025-11-28,176,3,0,0,0,0,9,Medium
CALL_0004741,2025-11-28,23,0,2,0,0,0,8,Medium
CALL_0005078,2025-11-14,209,0,2,0,0,0,8,Medium
CALL_0005433,2025-11-16,55,0,2,0,0,0,8,Medium
CALL_0005294,2025-11-25,6,0,2,0,0,0,8,Medium
CALL_0004694,2025-11-14,148,0,2,0,0,0,8,Medium
CALL_0004242,2025-11-11,144,0,2,0,0,0,8,Medium
CALL_0004802,2025-11-24,15,0,2,0,0,0,8,Medium
CALL_0004715,2025-11-01,9,2,0,1,0,0,8,Medium
CALL_0004297,2025-11-29,22,0,2,0,0,0,8,Medium
CALL_0005126,2025-11-03,24,0,2,0,0,0,8,Medium
CALL_0004371,2025-11-12,24,0,2,0,0,0,8,Medium
CALL_0004774,2025-11-09,20,0,2,0,0,0,8,Medium
CALL_0004160,2025-11-05,22,0,2,0,0,0,8,Medium
CALL_0004584,2025-11-27,20,0,2,0,0,0,8,Medium
CALL_0005629,2025-11-28,21,0,2,0,0,0,8,Medium
CALL_0005762,2025-11-28,16,0,2,0,0,0,8,Medium
CALL_0006341,2025-11-06,25,0,2,0,0,0,8,Medium
CALL_0006234,2025-11-28,28,0,2,0,0,0,8,Medium
CALL_0006411,2025-11-09,168,0,2,0,0,0,8,Medium
CALL_0006962,2025-11-25,20,0,2,0,0,0,8,Medium
CALL_0006906,2025-11-26,87,0,2,0,0,0,8,Medium
CALL_0006919,2025-11-12,87,0,2,0,0,0,8,Medium
CALL_0006926,2025-11-23,6,0,2,0,0,0,8,Medium
CALL_0007276,2025-11-14,188,0,2,0,0,0,8,Medium
CALL_0007984,2025-11-10,147,0,2,0,0,0,8,Medium
CALL_0008200,2025-11-12,15,0,2,0,0,0,8,Medium
CALL_0007322,2025-11-01,9,0,2,0,0,0,8,Medium
CALL_0007400,2025-11-25,18,0,2,0,0,0,8,Medium
CALL_0008652,2025-11-02,155,0,2,0,0,0,8,Medium
CALL_0009201,2025-11-17,121,0,2,0,0,0,8,Medium
CALL_0009268,2025-11-12,85,0,2,0,0,0,8,Medium
CALL_0009370,2025-11-26,30,0,2,0,0,0,8,Medium
CALL_0009544,2025-11-12,115,0,2,0,0,0,8,Medium
CALL_0009552,2025-11-15,96,0,2,0,0,0,8,Medium
CALL_0009687,2025-11-04,47,0,2,0,0,0,8,Medium
CALL_0009743,2025-11-29,15,0,2,0,0,0,8,Medium
CALL_0009820,2025-11-12,5,0,2,0,0,0,8,Medium
CALL_0009925,2025-11-27,92,0,0,4,0,0,8,Medium
CALL_0000695,2025-11-28,19,0,2,0,0,0,8,Medium
CALL_0000749,2025-11-19,115,0,0,4,0,0,8,Medium
CALL_0000853,2025-11-23,188,0,0,4,0,0,8,Medium
CALL_0001749,2025-11-04,25,0,2,0,0,0,8,Medium
CALL_0001209,2025-11-03,12,0,2,0,0,0,8,Medium
CALL_0001541,2025-12-01,110,0,2,0,0,0,8,Medium
CALL_0002233,2025-11-16,151,0,2,0,0,0,8,Medium
CALL_0002277,2025-11-30,19,0,2,0,0,0,8,Medium
CALL_0002351,2025-11-14,130,0,2,0,0,0,8,Medium
CALL_0002446,2025-11-08,105,0,2,0,0,0,8,Medium
CALL_0002806,2025-11-02,10,0,2,0,0,0,8,Medium
CALL_0003273,2025-11-06,98,0,2,0,0,0,8,Medium
CALL_0003188,2025-11-25,130,0,2,0,0,0,8,Medium
CALL_0003775,2025-11-23,12,0,2,0,0,0,8,Medium
CALL_0001535,2025-11-10,20,1,0,2,0,0,7,Medium
CALL_0000069,2025-11-26,146,1,1,0,0,0,7,Medium
CALL_0002541,2025-11-26,177,1,1,0,0,0,7,Medium
CALL_0006585,2025-11-22,137,1,1,0,0,0,7,Medium
CALL_0006619,2025-11-16,6,2,0,0,1,0,7,Medium
CALL_0003972,2025-11-11,212,0,0,3,0,0,6,Medium
CALL_0004735,2025-11-10,155,2,0,0,0,0,6,Medium
CALL_0003727,2025-11-01,140,2,0,0,0,0,6,Medium
CALL_0004186,2025-11-13,18,2,0,0,0,0,6,Medium
CALL_0004822,2025-11-08,107,2,0,0,0,0,6,Medium
CALL_0005137,2025-11-05,24,0,0,3,0,0,6,Medium
CALL_0004680,2025-11-26,21,2,0,0,0,0,6,Medium
CALL_0003840,2025-11-24,15,2,0,0,0,0,6,Medium
CALL_0004355,2025-11-19,14,2,0,0,0,0,6,Medium
CALL_0004487,2025-11-06,27,2,0,0,0,0,6,Medium
CALL_0005253,2025-11-14,23,0,0,3,0,0,6,Medium
CALL_0004193,2025-11-06,100,0,0,3,0,0,6,Medium
CALL_0004998,2025-11-29,11,2,0,0,0,0,6,Medium
CALL_0004068,2025-11-03,56,2,0,0,0,0,6,Medium
CALL_0005244,2025-11-27,24,0,0,3,0,0,6,Medium
CALL_0005200,2025-11-14,81,2,0,0,0,0,6,Medium
CALL_0005236,2025-11-13,163,2,0,0,0,0,6,Medium
CALL_0004538,2025-11-15,20,0,0,3,0,0,6,Medium
CALL_0005206,2025-11-20,10,2,0,0,0,0,6,Medium
CALL_0005099,2025-11-13,102,0,0,3,0,0,6,Medium
CALL_0003861,2025-11-24,157,2,0,0,0,0,6,Medium
CALL_0003911,2025-11-02,102,0,0,3,0,0,6,Medium
CALL_0004644,2025-11-19,147,2,0,0,0,0,6,Medium
CALL_0005664,2025-11-16,171,2,0,0,0,0,6,Medium
CALL_0005585,2025-11-06,179,2,0,0,0,0,6,Medium
CALL_0005840,2025-11-01,16,2,0,0,0,0,6,Medium
CALL_0006135,2025-11-21,135,2,0,0,0,0,6,Medium
CALL_0005903,2025-11-14,117,0,0,3,0,0,6,Medium
CALL_0006092,2025-11-04,104,2,0,0,0,0,6,Medium
CALL_0006113,2025-11-13,8,2,0,0,0,0,6,Medium
CALL_0006450,2025-11-25,18,2,0,0,0,0,6,Medium
CALL_0006360,2025-11-09,17,2,0,0,0,0,6,Medium
CALL_0006568,2025-11-09,250,2,0,0,0,0,6,Medium
CALL_0006409,2025-11-24,73,0,0,3,0,0,6,Medium
CALL_0006855,2025-11-10,26,0,0,3,0,0,6,Medium
CALL_0006877,2025-11-01,9,0,0,3,0,0,6,Medium
CALL_0006813,2025-11-26,29,0,0,3,0,0,6,Medium
CALL_0007090,2025-11-14,85,2,0,0,0,0,6,Medium
CALL_0007038,2025-11-13,12,2,0,0,0,0,6,Medium
CALL_0000944,2025-11-24,148,2,0,0,0,0,6,Medium
CALL_0000397,2025-11-17,28,0,0,3,0,0,6,Medium
CALL_0000006,2025-11-05,13,0,0,3,0,0,6,Medium
CALL_0001533,2025-11-28,140,2,0,0,0,0,6,Medium
CALL_0001145,2025-11-11,24,2,0,0,0,0,6,Medium
CALL_0001649,2025-11-15,28,2,0,0,0,0,6,Medium
CALL_0001723,2025-11-01,25,0,0,3,0,0,6,Medium
CALL_0001874,2025-11-17,24,0,0,3,0,0,6,Medium
CALL_0000504,2025-12-01,28,2,0,0,0,0,6,Medium
CALL_0001763,2025-11-01,14,0,0,3,0,0,6,Medium
CALL_0000131,2025-11-22,190,2,0,0,0,0,6,Medium
CALL_0000571,2025-11-12,7,2,0,0,0,0,6,Medium
CALL_0001401,2025-11-03,163,2,0,0,0,0,6,Medium
CALL_0001610,2025-11-15,232,2,0,0,0,0,6,Medium
CALL_0001834,2025-11-17,25,2,0,0,0,0,6,Medium
CALL_0000616,2025-11-20,184,0,0,3,0,0,6,Medium
CALL_0001782,2025-11-01,132,2,0,0,0,0,6,Medium
CALL_0000168,2025-11-03,15,2,0,0,0,0,6,Medium
CALL_0001857,2025-11-12,52,2,0,0,0,0,6,Medium
CALL_0001485,2025-11-09,13,2,0,0,0,0,6,Medium
CALL_0000644,2025-11-07,116,2,0,0,0,0,6,Medium
CALL_0001219,2025-11-03,195,0,0,3,0,0,6,Medium
CALL_0001587,2025-11-15,286,2,0,0,0,0,6,Medium
CALL_0001928,2025-11-05,234,2,0,0,0,0,6,Medium
CALL_0001985,2025-11-25,30,2,0,0,0,0,6,Medium
CALL_0002278,2025-11-17,23,0,0,3,0,0,6,Medium
CALL_0002327,2025-11-24,23,2,0,0,0,0,6,Medium
CALL_0002343,2025-11-09,7,2,0,0,0,0,6,Medium
CALL_0002213,2025-11-29,6,2,0,0,0,0,6,Medium
CALL_0002366,2025-11-09,205,0,0,3,0,0,6,Medium
CALL_0002460,2025-11-29,24,2,0,0,0,0,6,Medium
CALL_0002649,2025-11-05,73,2,0,0,0,0,6,Medium
CALL_0002566,2025-11-07,159,2,0,0,0,0,6,Medium
CALL_0002672,2025-11-08,246,2,0,0,0,0,6,Medium
CALL_0002508,2025-11-17,36,0,0,3,0,0,6,Medium
CALL_0003069,2025-11-27,25,0,0,3,0,0,6,Medium
CALL_0002899,2025-11-29,192,2,0,0,0,0,6,Medium
CALL_0002991,2025-11-04,9,2,0,0,0,0,6,Medium
CALL_0002811,2025-11-30,109,2,0,0,0,0,6,Medium
CALL_0003026,2025-11-15,10,2,0,0,0,0,6,Medium
CALL_0003471,2025-11-22,78,2,0,0,0,0,6,Medium
CALL_0003339,2025-11-25,142,2,0,0,0,0,6,Medium
CALL_0003681,2025-11-01,26,2,0,0,0,0,6,Medium
CALL_0003700,2025-11-18,141,2,0,0,0,0,6,Medium
CALL_0008098,2025-11-18,20,2,0,0,0,0,6,Medium
CALL_0007248,2025-12-01,128,0,0,3,0,0,6,Medium
CALL_0008478,2025-11-01,26,2,0,0,0,0,6,Medium
CALL_0007385,2025-12-01,70,0,0,3,0,0,6,Medium
CALL_0007118,2025-11-30,23,0,0,3,0,0,6,Medium
CALL_0007691,2025-11-19,18,2,0,0,0,0,6,Medium
CALL_0008299,2025-11-03,6,2,0,0,0,0,6,Medium
CALL_0007959,2025-11-06,127,0,0,3,0,0,6,Medium
CALL_0007832,2025-11-19,7,0,0,3,0,0,6,Medium
CALL_0007466,2025-11-03,15,0,0,0,1,1,6,Medium
CALL_0007914,2025-11-14,108,0,0,3,0,0,6,Medium
CALL_0008427,2025-11-24,141,2,0,0,0,0,6,Medium
CALL_0007450,2025-11-02,84,2,0,0,0,0,6,Medium
CALL_0008544,2025-11-12,28,2,0,0,0,0,6,Medium
CALL_0008220,2025-11-30,148,0,0,3,0,0,6,Medium
CALL_0007918,2025-11-05,166,2,0,0,0,0,6,Medium
CALL_0007528,2025-11-28,22,0,0,3,0,0,6,Medium
CALL_0008775,2025-11-17,30,2,0,0,0,0,6,Medium
CALL_0008889,2025-11-02,241,2,0,0,0,0,6,Medium
CALL_0009015,2025-12-01,17,2,0,0,0,0,6,Medium
CALL_0009028,2025-11-03,14,2,0,0,0,0,6,Medium
CALL_0009117,2025-11-06,173,2,0,0,0,0,6,Medium
CALL_0009301,2025-11-24,102,0,0,3,0,0,6,Medium
CALL_0009432,2025-11-05,74,0,0,3,0,0,6,Medium
CALL_0009415,2025-11-13,121,0,0,3,0,0,6,Medium
CALL_0009528,2025-11-14,26,0,0,3,0,0,6,Medium
CALL_0008976,2025-11-23,18,0,0,3,0,0,6,Medium
CALL_0009007,2025-11-13,189,2,0,0,0,0,6,Medium
CALL_0009724,2025-11-18,18,0,0,3,0,0,6,Medium
CALL_0009727,2025-11-01,12,0,0,3,0,0,6,Medium
CALL_0009789,2025-11-19,279,2,0,0,0,0,6,Medium
CALL_0009791,2025-11-06,17,0,0,3,0,0,6,Medium
CALL_0009858,2025-11-23,200,0,0,3,0,0,6,Medium
CALL_0008343,2025-11-19,19,0,0,0,0,1,5,Low
CALL_0008124,2025-11-07,6,1,0,1,0,0,5,Low
CALL_0007939,2025-11-21,5,1,0,1,0,0,5,Low
CALL_0007741,2025-11-26,89,0,0,0,0,1,5,Low
CALL_0007701,2025-11-14,13,0,0,0,0,1,5,Low
CALL_0008791,2025-11-12,20,0,0,0,0,1,5,Low
CALL_0009161,2025-11-27,86,0,0,0,0,1,5,Low
CALL_0009440,2025-11-07,179,0,0,0,0,1,5,Low
CALL_0009614,2025-11-13,11,0,0,0,0,1,5,Low
CALL_0009615,2025-11-29,21,0,0,0,0,1,5,Low
CALL_0009970,2025-12-01,115,0,0,0,0,1,5,Low
CALL_0009972,2025-11-11,263,0,0,0,0,1,5,Low
CALL_0005386,2025-11-24,199,1,0,1,0,0,5,Low
CALL_0004111,2025-11-10,229,0,0,0,0,1,5,Low
CALL_0004907,2025-11-26,6,0,1,0,1,0,5,Low
CALL_0005425,2025-11-27,148,0,0,0,0,1,5,Low
CALL_0005175,2025-11-18,265,0,0,0,0,1,5,Low
CALL_0005826,2025-11-26,127,0,0,0,0,1,5,Low
CALL_0005820,2025-11-28,10,0,0,0,0,1,5,Low
CALL_0006507,2025-11-11,101,0,0,0,0,1,5,Low
CALL_0006601,2025-11-10,22,1,0,1,0,0,5,Low
CALL_0006905,2025-11-27,28,0,0,0,0,1,5,Low
CALL_0006984,2025-11-15,167,0,0,0,0,1,5,Low
CALL_0001283,2025-11-28,129,0,0,0,0,1,5,Low
CALL_0001733,2025-11-16,23,0,0,0,0,1,5,Low
CALL_0001631,2025-11-06,166,0,0,0,0,1,5,Low
CALL_0001449,2025-11-24,170,0,0,0,0,1,5,Low
CALL_0001088,2025-12-01,275,0,0,0,0,1,5,Low
CALL_0001595,2025-11-20,137,0,0,0,0,1,5,Low
CALL_0002210,2025-12-01,61,1,0,0,2,0,5,Low
CALL_0002310,2025-11-23,86,1,0,1,0,0,5,Low
CALL_0002953,2025-11-11,156,0,0,0,0,1,5,Low
CALL_0003268,2025-11-07,107,0,0,0,0,1,5,Low
CALL_0003461,2025-11-05,155,1,0,1,0,0,5,Low
CALL_0003313,2025-11-10,70,0,0,0,0,1,5,Low
CALL_0003442,2025-12-01,206,0,0,0,0,1,5,Low
CALL_0001414,2025-11-28,245,0,1,0,0,0,4,Low
CALL_0000182,2025-11-17,101,0,1,0,0,0,4,Low
CALL_0001442,2025-11-27,181,0,1,0,0,0,4,Low
CALL_0001291,2025-12-01,21,0,0,2,0,0,4,Low
CALL_0001690,2025-11-15,49,0,1,0,0,0,4,Low
CALL_0001824,2025-11-11,25,0,1,0,0,0,4,Low
CALL_0000851,2025-11-03,10,0,1,0,0,0,4,Low
CALL_0001478,2025-11-15,158,0,0,2,0,0,4,Low
CALL_0000502,2025-11-28,242,0,1,0,0,0,4,Low
CALL_0001741,2025-11-05,171,0,0,2,0,0,4,Low
CALL_0001031,2025-11-06,179,0,0,2,0,0,4,Low
CALL_0001182,2025-11-26,113,0,1,0,0,0,4,Low
CALL_0001324,2025-11-11,80,0,1,0,0,0,4,Low
CALL_0000257,2025-11-28,21,0,1,0,0,0,4,Low
CALL_0000230,2025-11-08,25,0,1,0,0,0,4,Low
CALL_0000835,2025-11-08,154,0,0,2,0,0,4,Low
CALL_0000447,2025-11-03,24,0,1,0,0,0,4,Low
CALL_0001184,2025-12-01,9,0,1,0,0,0,4,Low
CALL_0000466,2025-11-15,9,0,0,2,0,0,4,Low
CALL_0000449,2025-11-21,127,0,1,0,0,0,4,Low
CALL_0001423,2025-11-27,21,0,1,0,0,0,4,Low
CALL_0000956,2025-12-01,45,0,1,0,0,0,4,Low
CALL_0000380,2025-11-29,30,0,1,0,0,0,4,Low
CALL_0000937,2025-11-11,8,0,0,2,0,0,4,Low
CALL_0001737,2025-11-23,184,0,0,2,0,0,4,Low
CALL_0000077,2025-11-11,185,0,0,2,0,0,4,Low
CALL_0001613,2025-11-22,27,0,1,0,0,0,4,Low
CALL_0000881,2025-11-02,13,0,1,0,0,0,4,Low
CALL_0001675,2025-11-12,30,0,1,0,0,0,4,Low
CALL_0001279,2025-12-01,15,0,0,2,0,0,4,Low
CALL_0000238,2025-11-26,118,0,1,0,0,0,4,Low
CALL_0000525,2025-11-14,83,0,1,0,0,0,4,Low
CALL_0000239,2025-11-13,106,0,0,2,0,0,4,Low
CALL_0000859,2025-11-09,26,0,0,2,0,0,4,Low
CALL_0001096,2025-11-18,5,0,1,0,0,0,4,Low
CALL_0000589,2025-11-09,213,0,1,0,0,0,4,Low
CALL_0000455,2025-11-04,13,0,0,2,0,0,4,Low
CALL_0000395,2025-11-24,22,0,1,0,0,0,4,Low
CALL_0001860,2025-11-12,28,1,0,0,1,0,4,Low
CALL_0001879,2025-11-25,122,0,0,2,0,0,4,Low
CALL_0001798,2025-11-27,9,0,1,0,0,0,4,Low
CALL_0002219,2025-11-15,121,0,1,0,0,0,4,Low
CALL_0001950,2025-11-26,94,0,1,0,0,0,4,Low
CALL_0002240,2025-11-13,13,0,1,0,0,0,4,Low
CALL_0001969,2025-11-10,22,0,1,0,0,0,4,Low
CALL_0002076,2025-11-02,10,0,1,0,0,0,4,Low
CALL_0002200,2025-11-21,8,0,0,2,0,0,4,Low
CALL_0002319,2025-11-06,30,0,1,0,0,0,4,Low
CALL_0002329,2025-11-13,130,0,0,2,0,0,4,Low
CALL_0002331,2025-11-22,28,0,0,2,0,0,4,Low
CALL_0002424,2025-11-09,23,0,1,0,0,0,4,Low
CALL_0002353,2025-11-06,11,0,0,2,0,0,4,Low
CALL_0002528,2025-11-08,245,0,1,0,0,0,4,Low
CALL_0002453,2025-11-15,199,0,1,0,0,0,4,Low
CALL_0002635,2025-11-21,12,0,1,0,0,0,4,Low
CALL_0002469,2025-11-15,214,0,1,0,0,0,4,Low
CALL_0002553,2025-11-10,28,0,1,0,0,0,4,Low
CALL_0002586,2025-11-19,90,0,1,0,0,0,4,Low
CALL_0002729,2025-11-28,21,0,1,0,0,0,4,Low
CALL_0002838,2025-11-10,28,0,1,0,0,0,4,Low
CALL_0003054,2025-11-09,6,0,1,0,0,0,4,Low
CALL_0002817,2025-11-20,74,0,1,0,0,0,4,Low
CALL_0002916,2025-11-04,9,0,1,0,0,0,4,Low
CALL_0002829,2025-11-20,93,0,1,0,0,0,4,Low
CALL_0003144,2025-11-24,162,0,0,2,0,0,4,Low
CALL_0003115,2025-11-06,162,0,0,2,0,0,4,Low
CALL_0003029,2025-11-12,18,0,1,0,0,0,4,Low
CALL_0003121,2025-11-11,140,0,1,0,0,0,4,Low
CALL_0003254,2025-11-05,27,0,0,2,0,0,4,Low
CALL_0003123,2025-11-22,8,0,0,2,0,0,4,Low
CALL_0003264,2025-11-28,30,0,0,2,0,0,4,Low
CALL_0003186,2025-11-06,26,0,1,0,0,0,4,Low
CALL_0003138,2025-11-17,12,0,1,0,0,0,4,Low
CALL_0003360,2025-11-25,22,0,0,2,0,0,4,Low
CALL_0003397,2025-11-22,225,0,1,0,0,0,4,Low
CALL_0003414,2025-11-08,27,0,1,0,0,0,4,Low
CALL_0003420,2025-11-26,117,0,1,0,0,0,4,Low
CALL_0003240,2025-11-25,120,0,1,0,0,0,4,Low
CALL_0003332,2025-11-18,204,0,0,2,0,0,4,Low
CALL_0003334,2025-11-17,24,0,0,2,0,0,4,Low
CALL_0003432,2025-11-25,22,0,1,0,0,0,4,Low
CALL_0003525,2025-11-25,123,0,0,2,0,0,4,Low
CALL_0003774,2025-11-29,57,0,0,2,0,0,4,Low
CALL_0003722,2025-12-01,100,0,1,0,0,0,4,Low
CALL_0007910,2025-11-14,15,0,0,2,0,0,4,Low
CALL_0008193,2025-11-19,12,0,0,2,0,0,4,Low
CALL_0007406,2025-11-29,21,0,1,0,0,0,4,Low
CALL_0007244,2025-11-08,78,0,1,0,0,0,4,Low
CALL_0007781,2025-11-28,134,0,1,0,0,0,4,Low
CALL_0007300,2025-11-18,41,0,0,2,0,0,4,Low
CALL_0007603,2025-11-22,14,0,0,2,0,0,4,Low
CALL_0007736,2025-11-14,24,0,1,0,0,0,4,Low
CALL_0007482,2025-11-21,8,0,0,2,0,0,4,Low
CALL_0007710,2025-11-22,17,0,0,2,0,0,4,Low
CALL_0007308,2025-11-20,6,0,0,2,0,0,4,Low
CALL_0007114,2025-11-20,146,0,1,0,0,0,4,Low
CALL_0007254,2025-11-26,139,0,0,2,0,0,4,Low
CALL_0007865,2025-11-18,127,0,1,0,0,0,4,Low
CALL_0008323,2025-11-06,201,0,1,0,0,0,4,Low
CALL_0008288,2025-11-04,12,0,0,2,0,0,4,Low
CALL_0008616,2025-11-24,166,0,0,2,0,0,4,Low
CALL_0008491,2025-11-14,249,0,0,2,0,0,4,Low
CALL_0007465,2025-11-10,67,0,1,0,0,0,4,Low
CALL_0007844,2025-11-03,26,0,0,2,0,0,4,Low
CALL_0007619,2025-11-02,101,0,0,2,0,0,4,Low
CALL_0008319,2025-11-12,12,0,0,2,0,0,4,Low
CALL_0007572,2025-11-30,160,0,0,2,0,0,4,Low
CALL_0007373,2025-11-28,24,0,0,2,0,0,4,Low
CALL_0007920,2025-11-16,30,0,1,0,0,0,4,Low
CALL_0008640,2025-11-13,7,0,0,2,0,0,4,Low
CALL_0008748,2025-11-09,275,0,1,0,0,0,4,Low
CALL_0008770,2025-11-26,125,0,0,2,0,0,4,Low
CALL_0008868,2025-11-11,7,0,0,2,0,0,4,Low
CALL_0008788,2025-11-03,129,0,1,0,0,0,4,Low
CALL_0008796,2025-11-27,19,0,0,2,0,0,4,Low
CALL_0008890,2025-11-24,217,0,0,2,0,0,4,Low
CALL_0008894,2025-11-08,94,0,0,2,0,0,4,Low
CALL_0009031,2025-11-05,12,0,0,2,0,0,4,Low
CALL_0008268,2025-11-01,11,0,1,0,0,0,4,Low
CALL_0008669,2025-11-27,17,0,1,0,0,0,4,Low
CALL_0008691,2025-11-10,165,0,0,2,0,0,4,Low
CALL_0009334,2025-11-02,25,0,0,2,0,0,4,Low
CALL_0009267,2025-11-11,114,0,1,0,0,0,4,Low
CALL_0009281,2025-11-13,30,0,1,0,0,0,4,Low
CALL_0009304,2025-11-30,140,0,1,0,0,0,4,Low
CALL_0009390,2025-11-15,144,0,1,0,0,0,4,Low
CALL_0009453,2025-11-13,154,0,1,0,0,0,4,Low
CALL_0009547,2025-11-03,6,0,0,2,0,0,4,Low
CALL_0009518,2025-11-25,272,0,0,2,0,0,4,Low
CALL_0008958,2025-11-16,81,0,1,0,0,0,4,Low
CALL_0008959,2025-11-01,16,0,1,0,0,0,4,Low
CALL_0009661,2025-11-05,18,0,1,0,0,0,4,Low
CALL_0009665,2025-11-20,106,0,1,0,0,0,4,Low
CALL_0009077,2025-11-03,15,0,1,0,0,0,4,Low
CALL_0009676,2025-11-28,9,0,0,2,0,0,4,Low
CALL_0009677,2025-11-17,30,0,1,0,0,0,4,Low
CALL_0009082,2025-11-26,61,0,1,0,0,0,4,Low
CALL_0009755,2025-11-17,5,0,1,0,0,0,4,Low
CALL_0009106,2025-11-11,23,0,0,2,0,0,4,Low
CALL_0009774,2025-11-28,154,0,0,2,0,0,4,Low
CALL_0009961,2025-11-27,138,0,1,0,0,0,4,Low
CALL_0009871,2025-11-23,186,0,0,2,0,0,4,Low
CALL_0009903,2025-11-04,105,0,1,0,0,0,4,Low
CALL_0004098,2025-11-12,106,0,1,0,0,0,4,Low
CALL_0005075,2025-11-07,17,0,0,2,0,0,4,Low
CALL_0003925,2025-11-26,189,0,1,0,0,0,4,Low
CALL_0004845,2025-11-21,26,0,0,2,0,0,4,Low
CALL_0003975,2025-11-25,185,0,1,0,0,0,4,Low
CALL_0005208,2025-11-26,91,0,0,2,0,0,4,Low
CALL_0004261,2025-11-23,16,0,1,0,0,0,4,Low
CALL_0004674,2025-11-17,267,0,1,0,0,0,4,Low
CALL_0004470,2025-11-08,172,0,1,0,0,0,4,Low
CALL_0004104,2025-11-01,152,0,1,0,0,0,4,Low
CALL_0004238,2025-11-22,190,0,0,2,0,0,4,Low
CALL_0004359,2025-11-18,155,0,1,0,0,0,4,Low
CALL_0005064,2025-11-14,155,0,0,2,0,0,4,Low
CALL_0004067,2025-11-07,203,0,1,0,0,0,4,Low
CALL_0004196,2025-11-29,33,0,1,0,0,0,4,Low
CALL_0004144,2025-11-27,25,0,0,2,0,0,4,Low
CALL_0004069,2025-11-26,208,0,0,2,0,0,4,Low
CALL_0004799,2025-11-10,149,0,1,0,0,0,4,Low
CALL_0004334,2025-11-18,198,0,1,0,0,0,4,Low
CALL_0004605,2025-11-06,6,0,1,0,0,0,4,Low
CALL_0005196,2025-11-19,193,0,1,0,0,0,4,Low
CALL_0003809,2025-11-14,93,0,0,2,0,0,4,Low
CALL_0004437,2025-11-03,166,0,0,2,0,0,4,Low
CALL_0004124,2025-11-30,61,0,0,2,0,0,4,Low
CALL_0003905,2025-11-05,30,0,0,2,0,0,4,Low
CALL_0004295,2025-11-19,28,0,1,0,0,0,4,Low
CALL_0004967,2025-11-22,179,0,1,0,0,0,4,Low
CALL_0004755,2025-11-03,78,0,1,0,0,0,4,Low
CALL_0004495,2025-11-21,13,0,1,0,0,0,4,Low
CALL_0004723,2025-11-21,27,0,1,0,0,0,4,Low
CALL_0004636,2025-11-06,25,0,0,2,0,0,4,Low
CALL_0004023,2025-11-16,185,0,1,0,0,0,4,Low
CALL_0005038,2025-11-27,137,0,1,0,0,0,4,Low
CALL_0004932,2025-11-16,24,0,0,2,0,0,4,Low
CALL_0005526,2025-11-04,129,0,0,2,0,0,4,Low
CALL_0004729,2025-12-01,22,0,1,0,0,0,4,Low
CALL_0004450,2025-11-30,12,0,1,0,0,0,4,Low
CALL_0004225,2025-11-15,112,0,1,0,0,0,4,Low
CALL_0004898,2025-11-18,5,0,1,0,0,0,4,Low
CALL_0004557,2025-11-28,22,0,0,2,0,0,4,Low
CALL_0004227,2025-11-27,6,0,0,2,0,0,4,Low
CALL_0004657,2025-11-20,99,0,1,0,0,0,4,Low
CALL_0004925,2025-11-01,19,0,1,0,0,0,4,Low
CALL_0005534,2025-11-16,113,0,1,0,0,0,4,Low
CALL_0005404,2025-11-01,5,0,1,0,0,0,4,Low
CALL_0005620,2025-11-27,26,0,0,2,0,0,4,Low
CALL_0005551,2025-11-14,16,0,0,2,0,0,4,Low
CALL_0005640,2025-11-05,101,0,1,0,0,0,4,Low
CALL_0005726,2025-11-04,104,0,1,0,0,0,4,Low
CALL_0005482,2025-11-17,151,0,0,2,0,0,4,Low
CALL_0005654,2025-11-28,30,0,0,2,0,0,4,Low
CALL_0005733,2025-11-16,167,0,1,0,0,0,4,Low
CALL_0005671,2025-11-28,24,0,1,0,0,0,4,Low
CALL_0005680,2025-11-05,164,0,1,0,0,0,4,Low
CALL_0005597,2025-11-12,92,0,0,2,0,0,4,Low
CALL_0005841,2025-11-25,53,0,0,2,0,0,4,Low
CALL_0005790,2025-11-22,143,0,1,0,0,0,4,Low
CALL_0005719,2025-11-25,30,0,1,0,0,0,4,Low
CALL_0005795,2025-11-24,115,0,0,2,0,0,4,Low
CALL_0005798,2025-11-12,15,0,1,0,0,0,4,Low
CALL_0005802,2025-11-27,21,0,0,2,0,0,4,Low
CALL_0005953,2025-11-01,7,0,1,0,0,0,4,Low
CALL_0006058,2025-11-28,96,0,0,2,0,0,4,Low
CALL_0006133,2025-11-13,66,0,1,0,0,0,4,Low
CALL_0005913,2025-11-02,115,0,0,2,0,0,4,Low
CALL_0006008,2025-12-01,26,0,1,0,0,0,4,Low
CALL_0006172,2025-11-21,125,0,1,0,0,0,4,Low
CALL_0006189,2025-11-02,17,0,1,0,0,0,4,Low
CALL_0006449,2025-11-18,15,0,1,0,0,0,4,Low
CALL_0006474,2025-11-02,7,0,1,0,0,0,4,Low
CALL_0006297,2025-11-08,15,0,1,0,0,0,4,Low
CALL_0006510,2025-11-22,25,0,0,2,0,0,4,Low
CALL_0006590,2025-11-04,15,0,1,0,0,0,4,Low
CALL_0006649,2025-11-10,17,0,1,0,0,0,4,Low
CALL_0006758,2025-11-04,26,0,1,0,0,0,4,Low
CALL_0006761,2025-11-20,104,0,1,0,0,0,4,Low
CALL_0006678,2025-11-13,25,0,1,0,0,0,4,Low
CALL_0006790,2025-11-28,26,0,1,0,0,0,4,Low
CALL_0006908,2025-11-03,25,0,0,2,0,0,4,Low
CALL_0006846,2025-11-29,19,0,0,2,0,0,4,Low
CALL_0007004,2025-11-30,92,0,0,2,0,0,4,Low
CALL_0007005,2025-11-05,176,0,0,2,0,0,4,Low
CALL_0007061,2025-11-09,150,0,0,2,0,0,4,Low
CALL_0007263,2025-11-13,156,0,0,2,0,0,4,Low
CALL_0007086,2025-11-26,145,0,1,0,0,0,4,Low
CALL_0007187,2025-11-03,25,0,1,0,0,0,4,Low
CALL_0007091,2025-11-30,26,0,0,2,0,0,4,Low
CALL_0005439,2025-11-17,176,1,0,0,0,0,3,Low
CALL_0004540,2025-11-22,19,1,0,0,0,0,3,Low
CALL_0004461,2025-11-11,190,1,0,0,0,0,3,Low
CALL_0003836,2025-11-19,106,1,0,0,0,0,3,Low
CALL_0004675,2025-11-23,239,1,0,0,0,0,3,Low
CALL_0005129,2025-11-19,75,1,0,0,0,0,3,Low
CALL_0004901,2025-11-11,26,1,0,0,0,0,3,Low
CALL_0004847,2025-11-09,97,1,0,0,0,0,3,Low
CALL_0004320,2025-11-07,70,1,0,0,0,0,3,Low
CALL_0004586,2025-11-30,150,1,0,0,0,0,3,Low
CALL_0003981,2025-11-03,12,1,0,0,0,0,3,Low
CALL_0005180,2025-11-12,105,1,0,0,0,0,3,Low
CALL_0004997,2025-11-10,29,1,0,0,0,0,3,Low
CALL_0004421,2025-11-10,154,1,0,0,0,0,3,Low
CALL_0003937,2025-11-25,162,1,0,0,0,0,3,Low
CALL_0004327,2025-11-04,120,1,0,0,0,0,3,Low
CALL_0004239,2025-12-01,22,1,0,0,0,0,3,Low
CALL_0004171,2025-11-07,93,1,0,0,0,0,3,Low
CALL_0005243,2025-11-25,208,1,0,0,0,0,3,Low
CALL_0004173,2025-11-12,14,1,0,0,0,0,3,Low
CALL_0004705,2025-11-10,23,1,0,0,0,0,3,Low
CALL_0004855,2025-11-06,20,1,0,0,0,0,3,Low
CALL_0005268,2025-11-12,90,1,0,0,0,0,3,Low
CALL_0005228,2025-11-13,135,1,0,0,0,0,3,Low
CALL_0004615,2025-11-16,114,0,0,0,3,0,3,Low
CALL_0004616,2025-11-23,176,1,0,0,0,0,3,Low
CALL_0004150,2025-11-11,104,1,0,0,0,0,3,Low
CALL_0004440,2025-11-05,97,1,0,0,0,0,3,Low
CALL_0005532,2025-12-01,15,1,0,0,0,0,3,Low
CALL_0005000,2025-11-24,104,1,0,0,0,0,3,Low
CALL_0005375,2025-11-06,21,1,0,0,0,0,3,Low
CALL_0004082,2025-11-29,190,1,0,0,0,0,3,Low
CALL_0005115,2025-11-01,103,1,0,0,0,0,3,Low
CALL_0004129,2025-11-20,82,0,0,0,3,0,3,Low
CALL_0004939,2025-11-25,106,1,0,0,0,0,3,Low
CALL_0004501,2025-11-30,11,1,0,0,0,0,3,Low
CALL_0004217,2025-11-28,37,1,0,0,0,0,3,Low
CALL_0005101,2025-11-07,20,1,0,0,0,0,3,Low
CALL_0005073,2025-11-15,152,1,0,0,0,0,3,Low
CALL_0004305,2025-11-06,148,1,0,0,0,0,3,Low
CALL_0004646,2025-11-03,12,1,0,0,0,0,3,Low
CALL_0005291,2025-11-02,149,1,0,0,0,0,3,Low
CALL_0005413,2025-11-14,28,1,0,0,0,0,3,Low
CALL_0004027,2025-11-28,140,1,0,0,0,0,3,Low
CALL_0004914,2025-11-10,208,1,0,0,0,0,3,Low
CALL_0004941,2025-11-08,143,1,0,0,0,0,3,Low
CALL_0005552,2025-11-09,8,1,0,0,0,0,3,Low
CALL_0005484,2025-11-23,11,1,0,0,0,0,3,Low
CALL_0005564,2025-11-15,223,1,0,0,0,0,3,Low
CALL_0005487,2025-11-11,143,0,0,1,1,0,3,Low
CALL_0005742,2025-11-12,14,1,0,0,0,0,3,Low
CALL_0005669,2025-11-17,23,1,0,0,0,0,3,Low
CALL_0005752,2025-11-02,59,1,0,0,0,0,3,Low
CALL_0005582,2025-11-23,23,1,0,0,0,0,3,Low
CALL_0005587,2025-11-13,164,1,0,0,0,0,3,Low
CALL_0005604,2025-11-04,195,1,0,0,0,0,3,Low
CALL_0005698,2025-11-28,231,1,0,0,0,0,3,Low
CALL_0006031,2025-11-02,13,1,0,0,0,0,3,Low
CALL_0006040,2025-11-23,28,1,0,0,0,0,3,Low
CALL_0006045,2025-11-27,12,1,0,0,0,0,3,Low
CALL_0005811,2025-11-25,7,1,0,0,0,0,3,Low
CALL_0006047,2025-11-09,217,1,0,0,0,0,3,Low
CALL_0005874,2025-11-11,145,1,0,0,0,0,3,Low
CALL_0006142,2025-11-11,179,1,0,0,0,0,3,Low
CALL_0006149,2025-11-15,16,1,0,0,0,0,3,Low
CALL_0006116,2025-12-01,142,1,0,0,0,0,3,Low
CALL_0005925,2025-11-16,5,1,0,0,0,0,3,Low
CALL_0006179,2025-11-03,106,1,0,0,0,0,3,Low
CALL_0006128,2025-11-07,160,1,0,0,0,0,3,Low
CALL_0006186,2025-11-04,20,1,0,0,0,0,3,Low
CALL_0006028,2025-11-16,30,1,0,0,0,0,3,Low
CALL_0006452,2025-11-20,206,1,0,0,0,0,3,Low
CALL_0006375,2025-11-06,73,1,0,0,0,0,3,Low
CALL_0006477,2025-11-14,291,1,0,0,0,0,3,Low
CALL_0006544,2025-11-19,14,1,0,0,0,0,3,Low
CALL_0006292,2025-11-19,91,1,0,0,0,0,3,Low
CALL_0006499,2025-12-01,27,1,0,0,0,0,3,Low
CALL_0006504,2025-11-06,143,1,0,0,0,0,3,Low
CALL_0006564,2025-11-21,12,1,0,0,0,0,3,Low
CALL_0006575,2025-11-22,31,1,0,0,0,0,3,Low
CALL_0006611,2025-11-11,118,1,0,0,0,0,3,Low
CALL_0006872,2025-11-20,231,1,0,0,0,0,3,Low
CALL_0006683,2025-11-05,15,1,0,0,0,0,3,Low
CALL_0006901,2025-11-05,209,1,0,0,0,0,3,Low
CALL_0006965,2025-11-23,18,1,0,0,0,0,3,Low
CALL_0006706,2025-11-15,6,1,0,0,0,0,3,Low
CALL_0006915,2025-11-28,168,1,0,0,0,0,3,Low
CALL_0006817,2025-11-19,15,1,0,0,0,0,3,Low
CALL_0006711,2025-11-02,27,1,0,0,0,0,3,Low
CALL_0006823,2025-11-05,52,1,0,0,0,0,3,Low
CALL_0006826,2025-11-22,137,1,0,0,0,0,3,Low
CALL_0006992,2025-11-11,16,1,0,0,0,0,3,Low
CALL_0006837,2025-11-15,78,1,0,0,0,0,3,Low
CALL_0007059,2025-11-18,16,1,0,0,0,0,3,Low
CALL_0006744,2025-11-28,120,1,0,0,0,0,3,Low
CALL_0007279,2025-12-01,5,1,0,0,0,0,3,Low
CALL_0007182,2025-11-09,16,1,0,0,0,0,3,Low
CALL_0007096,2025-11-10,168,1,0,0,0,0,3,Low
CALL_0001119,2025-11-06,165,1,0,0,0,0,3,Low
CALL_0000212,2025-12-01,175,1,0,0,0,0,3,Low
CALL_0000649,2025-11-19,15,1,0,0,0,0,3,Low
CALL_0001751,2025-11-21,210,1,0,0,0,0,3,Low
CALL_0000730,2025-11-20,28,1,0,0,0,0,3,Low
CALL_0001045,2025-11-08,111,1,0,0,0,0,3,Low
CALL_0000463,2025-11-22,157,1,0,0,0,0,3,Low
CALL_0000190,2025-11-17,140,1,0,0,0,0,3,Low
CALL_0001470,2025-11-23,259,1,0,0,0,0,3,Low
CALL_0001194,2025-12-01,24,1,0,0,0,0,3,Low
CALL_0000221,2025-11-23,114,1,0,0,0,0,3,Low
CALL_0000011,2025-11-14,9,1,0,0,0,0,3,Low
CALL_0000096,2025-11-19,182,1,0,0,0,0,3,Low
CALL_0001032,2025-11-20,105,1,0,0,0,0,3,Low
CALL_0000442,2025-11-27,12,1,0,0,0,0,3,Low
CALL_0001519,2025-12-01,114,1,0,0,0,0,3,Low
CALL_0000366,2025-11-07,260,1,0,0,0,0,3,Low
CALL_0001234,2025-11-02,249,1,0,0,0,0,3,Low
CALL_0001563,2025-11-23,148,1,0,0,0,0,3,Low
CALL_0001600,2025-11-29,29,1,0,0,0,0,3,Low
CALL_0000775,2025-11-27,28,1,0,0,0,0,3,Low
CALL_0001135,2025-11-26,25,1,0,0,0,0,3,Low
CALL_0000563,2025-11-14,18,1,0,0,0,0,3,Low
CALL_0000712,2025-11-06,53,1,0,0,0,0,3,Low
CALL_0000580,2025-11-26,42,1,0,0,0,0,3,Low
CALL_0001330,2025-11-18,63,1,0,0,0,0,3,Low
CALL_0000874,2025-11-19,161,1,0,0,0,0,3,Low
CALL_0000971,2025-11-09,5,1,0,0,0,0,3,Low
CALL_0001207,2025-11-29,89,1,0,0,0,0,3,Low
CALL_0000116,2025-11-29,145,1,0,0,0,0,3,Low
CALL_0001869,2025-11-18,86,1,0,0,0,0,3,Low
CALL_0000643,2025-12-01,191,1,0,0,0,0,3,Low
CALL_0000483,2025-11-19,9,1,0,0,0,0,3,Low
CALL_0001155,2025-11-09,29,1,0,0,0,0,3,Low
CALL_0001002,2025-11-14,244,1,0,0,0,0,3,Low
CALL_0000791,2025-11-21,83,1,0,0,0,0,3,Low
CALL_0000527,2025-11-07,20,1,0,0,0,0,3,Low
CALL_0001025,2025-11-20,9,1,0,0,0,0,3,Low
CALL_0000845,2025-11-23,12,1,0,0,0,0,3,Low
CALL_0001187,2025-11-22,93,1,0,0,0,0,3,Low
CALL_0000892,2025-11-16,156,1,0,0,0,0,3,Low
CALL_0001098,2025-11-26,288,1,0,0,0,0,3,Low
CALL_0001925,2025-11-19,190,1,0,0,0,0,3,Low
CALL_0002114,2025-11-09,5,1,0,0,0,0,3,Low
CALL_0002016,2025-11-02,22,1,0,0,0,0,3,Low
CALL_0002022,2025-11-23,29,1,0,0,0,0,3,Low
CALL_0002223,2025-11-03,215,1,0,0,0,0,3,Low
CALL_0001946,2025-11-06,23,1,0,0,0,0,3,Low
CALL_0002041,2025-11-16,176,1,0,0,0,0,3,Low
CALL_0001974,2025-11-26,23,1,0,0,0,0,3,Low
CALL_0002057,2025-11-10,119,1,0,0,0,0,3,Low
CALL_0002059,2025-11-08,50,1,0,0,0,0,3,Low
CALL_0002269,2025-11-12,30,1,0,0,0,0,3,Low
CALL_0002082,2025-11-14,82,1,0,0,0,0,3,Low
CALL_0002001,2025-11-22,212,1,0,0,0,0,3,Low
CALL_0002290,2025-11-30,160,1,0,0,0,0,3,Low
CALL_0002336,2025-11-30,175,1,0,0,0,0,3,Low
CALL_0002338,2025-11-04,30,1,0,0,0,0,3,Low
CALL_0002346,2025-11-05,23,1,0,0,0,0,3,Low
CALL_0002357,2025-11-07,5,1,0,0,0,0,3,Low
CALL_0002625,2025-11-26,79,1,0,0,0,0,3,Low
CALL_0002630,2025-11-18,13,1,0,0,0,0,3,Low
CALL_0002462,2025-11-09,97,1,0,0,0,0,3,Low
CALL_0002643,2025-11-17,46,1,0,0,0,0,3,Low
CALL_0002478,2025-11-13,187,1,0,0,0,0,3,Low
CALL_0002567,2025-11-19,119,1,0,0,0,0,3,Low
CALL_0002665,2025-11-26,103,1,0,0,0,0,3,Low
CALL_0002696,2025-11-04,245,1,0,0,0,0,3,Low
CALL_0002414,2025-11-26,27,1,0,0,0,0,3,Low
CALL_0002768,2025-11-02,10,1,0,0,0,0,3,Low
CALL_0002774,2025-11-19,194,1,0,0,0,0,3,Low
CALL_0002865,2025-11-26,176,1,0,0,0,0,3,Low
CALL_0002939,2025-11-10,149,1,0,0,0,0,3,Low
CALL_0002881,2025-11-21,14,1,0,0,0,0,3,Low
CALL_0003045,2025-11-15,195,1,0,0,0,0,3,Low
CALL_0002957,2025-11-08,136,1,0,0,0,0,3,Low
CALL_0002883,2025-11-14,121,1,0,0,0,0,3,Low
CALL_0003063,2025-11-09,29,1,0,0,0,0,3,Low
CALL_0003171,2025-11-28,15,1,0,0,0,0,3,Low
CALL_0003134,2025-11-11,179,1,0,0,0,0,3,Low
CALL_0003286,2025-11-07,24,1,0,0,0,0,3,Low
CALL_0003203,2025-12-01,24,1,0,0,0,0,3,Low
CALL_0003296,2025-11-18,130,1,0,0,0,0,3,Low
CALL_0003386,2025-11-03,204,1,0,0,0,0,3,Low
CALL_0003464,2025-11-17,152,1,0,0,0,0,3,Low
CALL_0003488,2025-12-01,82,1,0,0,0,0,3,Low
CALL_0003422,2025-11-18,83,1,0,0,0,0,3,Low
CALL_0003533,2025-11-27,163,1,0,0,0,0,3,Low
CALL_0003537,2025-11-20,148,1,0,0,0,0,3,Low
CALL_0003580,2025-11-22,5,1,0,0,0,0,3,Low
CALL_0003448,2025-11-07,13,1,0,0,0,0,3,Low
CALL_0003683,2025-11-28,153,1,0,0,0,0,3,Low
CALL_0003684,2025-11-01,122,1,0,0,0,0,3,Low
CALL_0003777,2025-11-14,134,1,0,0,0,0,3,Low
CALL_0008020,2025-12-01,134,1,0,0,0,0,3,Low
CALL_0007952,2025-11-01,6,1,0,0,0,0,3,Low
CALL_0007377,2025-11-05,257,1,0,0,0,0,3,Low
CALL_0008232,2025-11-08,109,1,0,0,0,0,3,Low
CALL_0008170,2025-11-02,25,1,0,0,0,0,3,Low
CALL_0007954,2025-11-21,65,1,0,0,0,0,3,Low
CALL_0008608,2025-11-27,155,1,0,0,0,0,3,Low
CALL_0007411,2025-11-29,179,1,0,0,0,0,3,Low
CALL_0008076,2025-11-02,30,1,0,0,0,0,3,Low
CALL_0008122,2025-11-27,212,1,0,0,0,0,3,Low
CALL_0008443,2025-11-05,178,1,0,0,0,0,3,Low
CALL_0007838,2025-11-15,225,1,0,0,0,0,3,Low
CALL_0007213,2025-11-05,27,1,0,0,0,0,3,Low
CALL_0007578,2025-11-28,126,1,0,0,0,0,3,Low
CALL_0008705,2025-11-28,24,1,0,0,0,0,3,Low
CALL_0007309,2025-11-20,28,1,0,0,0,0,3,Low
CALL_0007609,2025-12-01,142,1,0,0,0,0,3,Low
CALL_0007148,2025-11-25,26,1,0,0,0,0,3,Low
CALL_0007827,2025-11-05,11,1,0,0,0,0,3,Low
CALL_0008136,2025-11-01,15,1,0,0,0,0,3,Low
CALL_0007610,2025-11-17,96,1,0,0,0,0,3,Low
CALL_0008103,2025-11-07,10,1,0,0,0,0,3,Low
CALL_0007998,2025-11-23,183,1,0,0,0,0,3,Low
CALL_0007226,2025-11-05,15,1,0,0,0,0,3,Low
CALL_0007315,2025-11-22,26,1,0,0,0,0,3,Low
CALL_0008349,2025-11-27,215,1,0,0,0,0,3,Low
CALL_0007765,2025-11-05,255,1,0,0,0,0,3,Low
CALL_0007813,2025-11-13,134,1,0,0,0,0,3,Low
CALL_0008498,2025-11-03,30,1,0,0,0,0,3,Low
CALL_0007940,2025-11-04,136,1,0,0,0,0,3,Low
CALL_0008228,2025-11-22,185,1,0,0,0,0,3,Low
CALL_0007636,2025-11-16,26,1,0,0,0,0,3,Low
CALL_0008543,2025-11-07,173,1,0,0,0,0,3,Low
CALL_0007426,2025-11-07,171,1,0,0,0,0,3,Low
CALL_0007523,2025-11-10,158,1,0,0,0,0,3,Low
CALL_0008148,2025-11-28,134,1,0,0,0,0,3,Low
CALL_0007703,2025-11-19,15,1,0,0,0,0,3,Low
CALL_0007550,2025-11-08,170,1,0,0,0,0,3,Low
CALL_0008622,2025-11-10,168,1,0,0,0,0,3,Low
CALL_0008734,2025-11-01,175,1,0,0,0,0,3,Low
CALL_0008746,2025-11-08,23,1,0,0,0,0,3,Low
CALL_0008772,2025-11-12,133,1,0,0,0,0,3,Low
CALL_0008855,2025-11-15,7,1,0,0,0,0,3,Low
CALL_0008918,2025-11-01,163,1,0,0,0,0,3,Low
CALL_0009070,2025-11-07,27,1,0,0,0,0,3,Low
CALL_0009116,2025-11-25,136,1,0,0,0,0,3,Low
CALL_0009138,2025-11-30,26,1,0,0,0,0,3,Low
CALL_0009140,2025-11-09,22,1,0,0,0,0,3,Low
CALL_0009143,2025-11-30,81,1,0,0,0,0,3,Low
CALL_0008665,2025-11-18,20,1,0,0,0,0,3,Low
CALL_0009202,2025-11-03,92,1,0,0,0,0,3,Low
CALL_0009238,2025-11-22,9,1,0,0,0,0,3,Low
CALL_0009248,2025-11-01,17,1,0,0,0,0,3,Low
CALL_0009325,2025-11-01,7,1,0,0,0,0,3,Low
CALL_0009349,2025-11-17,24,1,0,0,0,0,3,Low
CALL_0009357,2025-11-05,25,1,0,0,0,0,3,Low
CALL_0009375,2025-11-29,129,1,0,0,0,0,3,Low
CALL_0009450,2025-11-15,27,1,0,0,0,0,3,Low
CALL_0009548,2025-11-15,110,1,0,0,0,0,3,Low
CALL_0009579,2025-11-27,22,1,0,0,0,0,3,Low
CALL_0008968,2025-11-23,29,1,0,0,0,0,3,Low
CALL_0009663,2025-11-06,161,1,0,0,0,0,3,Low
CALL_0009620,2025-11-16,234,1,0,0,0,0,3,Low
CALL_0009679,2025-11-06,281,1,0,0,0,0,3,Low
CALL_0009083,2025-11-20,187,1,0,0,0,0,3,Low
CALL_0009701,2025-11-15,100,1,0,0,0,0,3,Low
CALL_0009744,2025-11-02,152,1,0,0,0,0,3,Low
CALL_0009864,2025-11-26,159,1,0,0,0,0,3,Low
CALL_0009876,2025-11-26,66,1,0,0,0,0,3,Low
CALL_0009879,2025-11-06,163,1,0,0,0,0,3,Low
CALL_0009821,2025-11-25,199,1,0,0,0,0,3,Low
CALL_0009987,2025-11-24,19,1,0,0,0,0,3,Low
CALL_0009897,2025-11-12,162,1,0,0,0,0,3,Low
CALL_0009898,2025-12-01,124,1,0,0,0,0,3,Low
CALL_0007049,2025-11-30,158,0,0,1,0,0,2,Low
CALL_0008442,2025-11-11,12,0,0,0,2,0,2,Low
CALL_0007756,2025-11-05,182,0,0,1,0,0,2,Low
CALL_0007607,2025-11-15,11,0,0,1,0,0,2,Low
CALL_0007712,2025-11-17,15,0,0,1,0,0,2,Low
CALL_0007839,2025-11-12,26,0,0,1,0,0,2,Low
CALL_0007384,2025-11-11,153,0,0,1,0,0,2,Low
CALL_0008181,2025-11-29,118,0,0,0,2,0,2,Low
CALL_0008208,2025-11-27,125,0,0,1,0,0,2,Low
CALL_0007123,2025-11-28,8,0,0,1,0,0,2,Low
CALL_0007422,2025-11-18,212,0,0,1,0,0,2,Low
CALL_0008307,2025-11-17,149,0,0,1,0,0,2,Low
CALL_0007125,2025-11-23,11,0,0,1,0,0,2,Low
CALL_0008393,2025-11-29,173,0,0,1,0,0,2,Low
CALL_0007699,2025-11-23,113,0,0,1,0,0,2,Low
CALL_0007617,2025-11-22,23,0,0,1,0,0,2,Low
CALL_0007912,2025-12-01,163,0,0,1,0,0,2,Low
CALL_0008237,2025-11-02,134,0,0,1,0,0,2,Low
CALL_0008380,2025-11-27,29,0,0,0,2,0,2,Low
CALL_0007847,2025-11-11,23,0,0,1,0,0,2,Low
CALL_0008245,2025-11-10,16,0,0,1,0,0,2,Low
CALL_0008383,2025-12-01,18,0,0,1,0,0,2,Low
CALL_0008624,2025-11-13,5,0,0,1,0,0,2,Low
CALL_0008653,2025-11-04,9,0,0,1,0,0,2,Low
CALL_0008763,2025-11-25,166,0,0,1,0,0,2,Low
CALL_0008848,2025-11-26,149,0,0,1,0,0,2,Low
CALL_0008852,2025-11-01,127,0,0,1,0,0,2,Low
CALL_0008779,2025-11-07,8,0,0,1,0,0,2,Low
CALL_0008253,2025-11-25,8,0,0,1,0,0,2,Low
CALL_0009196,2025-11-12,9,0,0,1,0,0,2,Low
CALL_0009220,2025-11-09,19,0,0,1,0,0,2,Low
CALL_0008696,2025-11-10,10,0,0,0,2,0,2,Low
CALL_0009335,2025-12-01,139,0,0,1,0,0,2,Low
CALL_0009341,2025-11-12,152,0,0,1,0,0,2,Low
CALL_0009372,2025-11-27,101,0,0,1,0,0,2,Low
CALL_0009524,2025-11-14,8,0,0,1,0,0,2,Low
CALL_0009522,2025-11-30,243,0,0,1,0,0,2,Low
CALL_0009523,2025-11-20,16,0,0,0,2,0,2,Low
CALL_0009637,2025-11-08,143,0,0,1,0,0,2,Low
CALL_0009072,2025-11-14,28,0,0,0,2,0,2,Low
CALL_0009611,2025-11-04,122,0,0,0,2,0,2,Low
CALL_0009685,2025-11-06,16,0,0,1,0,0,2,Low
CALL_0009748,2025-11-04,198,0,0,0,2,0,2,Low
CALL_0009749,2025-11-05,81,0,0,1,0,0,2,Low
CALL_0009766,2025-11-09,12,0,0,1,0,0,2,Low
CALL_0009936,2025-11-19,99,0,0,1,0,0,2,Low
CALL_0009781,2025-11-01,25,0,0,1,0,0,2,Low
CALL_0009956,2025-11-26,9,0,0,1,0,0,2,Low
CALL_0009990,2025-11-08,161,0,0,1,0,0,2,Low
CALL_0009904,2025-11-15,184,0,0,1,0,0,2,Low
CALL_0004667,2025-11-30,17,0,0,1,0,0,2,Low
CALL_0003929,2025-11-02,230,0,0,1,0,0,2,Low
CALL_0004137,2025-11-08,16,0,0,1,0,0,2,Low
CALL_0003880,2025-11-19,19,0,0,1,0,0,2,Low
CALL_0003933,2025-11-15,24,0,0,1,0,0,2,Low
CALL_0005241,2025-11-09,147,0,0,0,2,0,2,Low
CALL_0005530,2025-11-02,14,0,0,1,0,0,2,Low
CALL_0004745,2025-11-07,170,0,0,1,0,0,2,Low
CALL_0004871,2025-11-06,133,0,0,1,0,0,2,Low
CALL_0003637,2025-11-23,170,0,0,1,0,0,2,Low
CALL_0005063,2025-11-22,12,0,0,1,0,0,2,Low
CALL_0005359,2025-11-07,130,0,0,1,0,0,2,Low
CALL_0003891,2025-11-25,100,0,0,0,2,0,2,Low
CALL_0004597,2025-11-19,122,0,0,1,0,0,2,Low
CALL_0004172,2025-11-13,148,0,0,1,0,0,2,Low
CALL_0005190,2025-11-14,123,0,0,1,0,0,2,Low
CALL_0004367,2025-11-27,102,0,0,1,0,0,2,Low
CALL_0005068,2025-11-05,101,0,0,1,0,0,2,Low
CALL_0004119,2025-11-03,30,0,0,1,0,0,2,Low
CALL_0004122,2025-11-13,18,0,0,1,0,0,2,Low
CALL_0004621,2025-11-28,18,0,0,1,0,0,2,Low
CALL_0004015,2025-11-20,147,0,0,1,0,0,2,Low
CALL_0004806,2025-11-15,22,0,0,1,0,0,2,Low
CALL_0005248,2025-11-21,24,0,0,1,0,0,2,Low
CALL_0004445,2025-11-25,146,0,0,1,0,0,2,Low
CALL_0005354,2025-11-20,115,0,0,1,0,0,2,Low
CALL_0004093,2025-11-12,121,0,0,1,0,0,2,Low
CALL_0004818,2025-11-30,94,0,0,1,0,0,2,Low
CALL_0005447,2025-11-08,69,0,0,1,0,0,2,Low
CALL_0005465,2025-11-23,55,0,0,1,0,0,2,Low
CALL_0005555,2025-11-18,138,0,0,1,0,0,2,Low
CALL_0005480,2025-11-13,14,0,0,1,0,0,2,Low
CALL_0005736,2025-11-22,167,0,0,1,0,0,2,Low
CALL_0005501,2025-11-07,57,0,0,1,0,0,2,Low
CALL_0005679,2025-11-02,200,0,0,1,0,0,2,Low
CALL_0005824,2025-11-22,102,0,0,1,0,0,2,Low
CALL_0005962,2025-11-05,182,0,0,1,0,0,2,Low
CALL_0005965,2025-11-22,92,0,0,1,0,0,2,Low
CALL_0005988,2025-11-22,7,0,0,1,0,0,2,Low
CALL_0006010,2025-11-14,29,0,0,1,0,0,2,Low
CALL_0006199,2025-11-30,111,0,0,1,0,0,2,Low
CALL_0006209,2025-12-01,95,0,0,1,0,0,2,Low
CALL_0006219,2025-11-06,23,0,0,1,0,0,2,Low
CALL_0006483,2025-11-17,22,0,0,1,0,0,2,Low
CALL_0006291,2025-11-24,6,0,0,1,0,0,2,Low
CALL_0006605,2025-11-04,146,0,0,1,0,0,2,Low
CALL_0006622,2025-11-04,162,0,0,1,0,0,2,Low
CALL_0006869,2025-11-18,156,0,0,0,2,0,2,Low
CALL_0006890,2025-11-01,44,0,0,1,0,0,2,Low
CALL_0006903,2025-11-07,6,0,0,1,0,0,2,Low
CALL_0006799,2025-11-30,87,0,0,1,0,0,2,Low
CALL_0006979,2025-11-04,79,0,0,1,0,0,2,Low
CALL_0006737,2025-11-03,252,0,0,1,0,0,2,Low
CALL_0007008,2025-12-01,99,0,0,1,0,0,2,Low
CALL_0007163,2025-11-09,18,0,0,1,0,0,2,Low
CALL_0007024,2025-11-24,24,0,0,1,0,0,2,Low
CALL_0007032,2025-11-09,151,0,0,1,0,0,2,Low
CALL_0007101,2025-11-27,110,0,0,1,0,0,2,Low
CALL_0001313,2025-11-22,178,0,0,1,0,0,2,Low
CALL_0001358,2025-11-13,218,0,0,1,0,0,2,Low
CALL_0001636,2025-11-09,9,0,0,1,0,0,2,Low
CALL_0001648,2025-11-03,257,0,0,1,0,0,2,Low
CALL_0001497,2025-11-19,111,0,0,1,0,0,2,Low
CALL_0000866,2025-11-08,212,0,0,1,0,0,2,Low
CALL_0000604,2025-11-28,51,0,0,1,0,0,2,Low
CALL_0000801,2025-11-07,54,0,0,1,0,0,2,Low
CALL_0001267,2025-11-20,235,0,0,1,0,0,2,Low
CALL_0001399,2025-11-15,21,0,0,0,2,0,2,Low
CALL_0000658,2025-11-14,15,0,0,1,0,0,2,Low
CALL_0001301,2025-11-20,133,0,0,1,0,0,2,Low
CALL_0000607,2025-11-04,167,0,0,1,0,0,2,Low
CALL_0000776,2025-11-21,7,0,0,1,0,0,2,Low
CALL_0000330,2025-11-06,175,0,0,0,2,0,2,Low
CALL_0001561,2025-11-23,28,0,0,1,0,0,2,Low
CALL_0000113,2025-11-10,25,0,0,1,0,0,2,Low
CALL_0001693,2025-11-12,39,0,0,1,0,0,2,Low
CALL_0001623,2025-11-22,13,0,0,1,0,0,2,Low
CALL_0000169,2025-11-16,21,0,0,1,0,0,2,Low
CALL_0001492,2025-11-24,177,0,0,1,0,0,2,Low
CALL_0000622,2025-11-22,131,0,0,1,0,0,2,Low
CALL_0001216,2025-11-04,7,0,0,1,0,0,2,Low
CALL_0001586,2025-11-01,95,0,0,1,0,0,2,Low
CALL_0001913,2025-11-21,126,0,0,1,0,0,2,Low
CALL_0002112,2025-11-16,115,0,0,1,0,0,2,Low
CALL_0002243,2025-11-21,30,0,0,1,0,0,2,Low
CALL_0002147,2025-12-01,212,0,0,1,0,0,2,Low
CALL_0001982,2025-11-12,238,0,0,1,0,0,2,Low
CALL_0002189,2025-11-06,205,0,0,1,0,0,2,Low
CALL_0002295,2025-11-10,191,0,0,1,0,0,2,Low
CALL_0002091,2025-11-25,39,0,0,1,0,0,2,Low
CALL_0002315,2025-11-19,7,0,0,1,0,0,2,Low
CALL_0002558,2025-11-14,139,0,0,1,0,0,2,Low
CALL_0002400,2025-11-30,26,0,0,1,0,0,2,Low
CALL_0002591,2025-11-17,12,0,0,1,0,0,2,Low
CALL_0002497,2025-11-28,14,0,0,1,0,0,2,Low
CALL_0002837,2025-11-09,8,0,0,1,0,0,2,Low
CALL_0002617,2025-11-25,111,0,0,0,2,0,2,Low
CALL_0002624,2025-11-23,28,0,0,1,0,0,2,Low
CALL_0003076,2025-11-09,103,0,0,1,0,0,2,Low
CALL_0002987,2025-11-24,189,0,0,1,0,0,2,Low
CALL_0002819,2025-11-03,194,0,0,1,0,0,2,Low
CALL_0002928,2025-11-19,124,0,0,1,0,0,2,Low
CALL_0003021,2025-11-21,185,0,0,1,0,0,2,Low
CALL_0003189,2025-11-30,28,0,0,1,0,0,2,Low
CALL_0003282,2025-11-04,13,0,0,1,0,0,2,Low
CALL_0003364,2025-11-07,241,0,0,1,0,0,2,Low
CALL_0003219,2025-11-24,10,0,0,1,0,0,2,Low
CALL_0003492,2025-12-01,163,0,0,1,0,0,2,Low
CALL_0003408,2025-11-20,23,0,0,1,0,0,2,Low
CALL_0003412,2025-11-28,27,0,0,1,0,0,2,Low
CALL_0003329,2025-11-23,20,0,0,0,2,0,2,Low
CALL_0003591,2025-11-17,136,0,0,1,0,0,2,Low
CALL_0000344,2025-11-20,22,0,0,0,1,0,1,Low
CALL_0001009,2025-11-10,30,0,0,0,1,0,1,Low
CALL_0000912,2025-11-08,20,0,0,0,1,0,1,Low
CALL_0001236,2025-11-26,110,0,0,0,1,0,1,Low
CALL_0001154,2025-11-16,120,0,0,0,1,0,1,Low
CALL_0002056,2025-11-30,14,0,0,0,1,0,1,Low
CALL_0002204,2025-11-21,214,0,0,0,1,0,1,Low
CALL_0002531,2025-11-07,26,0,0,0,1,0,1,Low
CALL_0002877,2025-11-09,5,0,0,0,1,0,1,Low
CALL_0003372,2025-11-16,174,0,0,0,1,0,1,Low
CALL_0003517,2025-11-03,246,0,0,0,1,0,1,Low
CALL_0003524,2025-11-21,12,0,0,0,1,0,1,Low
CALL_0003529,2025-11-03,24,0,0,0,1,0,1,Low
CALL_0007478,2025-11-02,94,0,0,0,1,0,1,Low
CALL_0007996,2025-11-29,66,0,0,0,1,0,1,Low
CALL_0007833,2025-11-28,127,0,0,0,1,0,1,Low
CALL_0008356,2025-11-29,189,0,0,0,1,0,1,Low
CALL_0007371,2025-11-26,6,0,0,0,1,0,1,Low
CALL_0007240,2025-11-23,184,0,0,0,1,0,1,Low
CALL_0008032,2025-11-18,8,0,0,0,1,0,1,Low
CALL_0008730,2025-11-16,12,0,0,0,1,0,1,Low
CALL_0008634,2025-11-01,24,0,0,0,1,0,1,Low
CALL_0008752,2025-11-06,250,0,0,0,1,0,1,Low
CALL_0008882,2025-11-06,93,0,0,0,1,0,1,Low
CALL_0009190,2025-11-14,188,0,0,0,1,0,1,Low
CALL_0008933,2025-11-02,224,0,0,0,1,0,1,Low
CALL_0008945,2025-11-09,149,0,0,0,1,0,1,Low
CALL_0008993,2025-11-01,147,0,0,0,1,0,1,Low
CALL_0009702,2025-11-10,29,0,0,0,1,0,1,Low
CALL_0009737,2025-11-12,10,0,0,0,1,0,1,Low
CALL_0009713,2025-11-24,99,0,0,0,1,0,1,Low
CALL_0004661,2025-11-14,164,0,0,0,1,0,1,Low
CALL_0004257,2025-11-30,187,0,0,0,1,0,1,Low
CALL_0005016,2025-11-12,8,0,0,0,1,0,1,Low
CALL_0004099,2025-11-24,17,0,0,0,1,0,1,Low
CALL_0004570,2025-11-14,17,0,0,0,1,0,1,Low
CALL_0005389,2025-11-10,14,0,0,0,1,0,1,Low
CALL_0004451,2025-11-05,182,0,0,0,1,0,1,Low
CALL_0005371,2025-11-02,139,0,0,0,1,0,1,Low
CALL_0005042,2025-11-16,126,0,0,0,1,0,1,Low
CALL_0005537,2025-11-15,181,0,0,0,1,0,1,Low
CALL_0005473,2025-11-23,13,0,0,0,1,0,1,Low
CALL_0005595,2025-12-01,27,0,0,0,1,0,1,Low
CALL_0005764,2025-11-20,151,0,0,0,1,0,1,Low
CALL_0005783,2025-11-27,30,0,0,0,1,0,1,Low
CALL_0005852,2025-11-30,174,0,0,0,1,0,1,Low
CALL_0006247,2025-11-25,9,0,0,0,1,0,1,Low
CALL_0006453,2025-11-08,24,0,0,0,1,0,1,Low
CALL_0006410,2025-11-24,16,0,0,0,1,0,1,Low
CALL_0006524,2025-11-24,72,0,0,0,1,0,1,Low
CALL_0006428,2025-11-08,24,0,0,0,1,0,1,Low
CALL_0006542,2025-11-26,15,0,0,0,1,0,1,Low
CALL_0006631,2025-11-12,219,0,0,0,1,0,1,Low
CALL_0006684,2025-11-30,256,0,0,0,1,0,1,Low
CALL_0006833,2025-11-15,141,0,0,0,1,0,1,Low
CALL_0003763,2025-11-22,193,0,0,0,0,0,0,Low
CALL_0003978,2025-11-06,113,0,0,0,0,0,0,Low
CALL_0003837,2025-11-28,224,0,0,0,0,0,0,Low
CALL_0003764,2025-11-03,27,0,0,0,0,0,0,Low
CALL_0003979,2025-11-14,7,0,0,0,0,0,0,Low
CALL_0003838,2025-11-18,16,0,0,0,0,0,0,Low
CALL_0003930,2025-12-01,88,0,0,0,0,0,0,Low
CALL_0003980,2025-11-18,214,0,0,0,0,0,0,Low
CALL_0003839,2025-11-05,198,0,0,0,0,0,0,Low
CALL_0003931,2025-11-18,128,0,0,0,0,0,0,Low
CALL_0003932,2025-11-03,156,0,0,0,0,0,0,Low
CALL_0003982,2025-11-19,14,0,0,0,0,0,0,Low
CALL_0003983,2025-11-26,193,0,0,0,0,0,0,Low
CALL_0003984,2025-11-29,95,0,0,0,0,0,0,Low
CALL_0003985,2025-11-01,8,0,0,0,0,0,0,Low
CALL_0003934,2025-11-21,192,0,0,0,0,0,0,Low
CALL_0003935,2025-11-06,172,0,0,0,0,0,0,Low
CALL_0003986,2025-11-21,30,0,0,0,0,0,0,Low
CALL_0003936,2025-11-08,164,0,0,0,0,0,0,Low
CALL_0003987,2025-11-14,8,0,0,0,0,0,0,Low
CALL_0003988,2025-11-15,182,0,0,0,0,0,0,Low
CALL_0003989,2025-11-09,182,0,0,0,0,0,0,Low
CALL_0003990,2025-11-04,106,0,0,0,0,0,0,Low
CALL_0003938,2025-11-02,220,0,0,0,0,0,0,Low
CALL_0003991,2025-11-15,11,0,0,0,0,0,0,Low
CALL_0003939,2025-11-15,24,0,0,0,0,0,0,Low
